TICID,Camera,CCD,Tmag,RA,Dec,sector,count
175934060,3,3,-1.68,247.3518,-26.4319,91,1
152859121,3,4,1.5,249.2898,-10.5669,91,1
178999156,1,1,1.96,201.2979,-11.1615,91,1
83852015,4,2,2.1,260.5024,-24.9997,91,1
465992580,1,1,2.28,286.7346,-27.6722,92,1
114746467,2,2,2.29,305.2531,-14.7814,92,1
12725034,3,3,2.38,240.0833,-22.622,91,1
188072230,2,3,2.42,287.441,-21.0239,92,1
400036304,4,1,2.45,257.5948,-15.7242,91,1
442255852,1,2,2.49,284.4328,-21.1068,92,1
155842257,3,3,2.59,326.7621,-16.1294,92,1
91093307,1,1,2.83,283.8165,-26.2971,92,1
5976862,2,3,2.97,213.224,-10.2727,91,1
386935627,3,1,3.05,233.882,-14.7895,91,1
66744681,3,3,3.07,239.7129,-26.1143,91,1
4095307,1,2,3.11,280.7295,-19.2844,92,1
308263469,2,4,3.13,212.7104,-16.3021,91,1
127476636,4,3,3.18,274.5133,-27.0427,91,1
465950458,1,1,3.18,281.4145,-26.9908,92,1
743613,2,3,3.18,205.4026,-8.7027,91,1
12429240,3,2,3.19,235.4864,-19.6796,91,1
281109982,3,1,3.23,238.4571,-16.7284,91,1
322928423,3,3,3.27,245.2971,-25.5929,91,1
188469084,2,1,3.35,310.0121,-18.1388,92,1
457965487,3,3,3.44,245.159,-24.1695,91,1
67759173,3,3,3.45,242.0324,-26.3267,91,1
288329878,3,2,3.51,320.5619,-16.8345,92,1
414016637,3,4,3.52,247.7845,-16.613,91,1
48795257,3,3,3.57,241.8517,-20.8691,91,1
335865775,2,2,3.59,224.4441,-12.4377,91,1
203446674,3,4,3.61,246.0256,-20.0375,91,1
441969141,1,1,3.62,283.5424,-22.7449,92,1
177227194,1,2,3.63,281.5047,-19.6063,92,1
73849418,3,2,3.68,233.0632,-23.8802,91,1
432202774,2,2,3.69,226.6564,-16.257,91,1
24806286,3,1,3.7,317.3992,-11.3718,92,1
334177803,2,3,3.77,290.418,-17.847,92,1
227998935,1,1,3.8,278.4728,-24.0323,92,1
335102703,1,1,3.82,201.6789,-12.7078,91,1
12354002,3,2,3.85,235.0703,-23.8182,91,1
214564391,3,2,3.87,316.8143,-16.4228,92,1
204191276,3,4,3.88,246.7559,-18.4564,91,1
468048180,1,1,3.88,283.7805,-22.6715,92,1
67178294,3,3,3.89,240.8354,-25.8655,91,1
351854049,1,2,3.91,283.7269,-16.5255,92,1
398707879,3,4,3.92,250.3931,-17.7422,91,1
333394783,3,4,3.93,326.5679,-9.2759,92,1
224457605,1,2,3.93,282.4171,-20.3244,92,1
69306844,2,3,3.96,296.5896,-19.7618,92,1
161828468,3,3,3.97,241.7017,-20.6693,91,1
354002,1,2,3.97,278.849,-19.2686,92,1
442430935,1,1,3.98,285.9321,-22.7121,92,1
135596590,3,4,3.98,243.4621,-11.8378,91,1
18809254,4,2,3.99,254.9905,-25.0923,91,1
75899957,4,1,3.99,260.2536,-21.1144,91,1
209188615,2,4,4.0,298.9614,-26.2989,92,1
11450686,2,3,4.01,289.4086,-18.953,92,1
414705454,1,2,4.01,284.8493,-19.2796,92,1
444107995,2,4,4.04,299.7385,-26.1956,92,1
214558913,3,2,4.11,316.4874,-17.2333,92,1
192584774,2,2,4.13,224.1922,-11.4096,91,1
24086212,3,1,4.15,314.2251,-9.6976,92,1
168875537,2,4,4.16,291.3734,-23.9625,92,1
417526469,1,3,4.17,265.3531,-12.8757,92,1
181290095,3,4,4.18,252.4591,-10.7837,91,1
335254912,3,1,4.2,232.0643,-16.7167,91,1
333369648,3,4,4.2,326.2512,-9.0824,92,1
415683739,3,2,4.21,318.908,-20.6517,92,1
2291183,2,4,4.26,288.8854,-25.2569,92,1
385436159,2,4,4.28,211.6735,-14.205,91,1
81375021,4,2,4.28,259.5024,-24.287,91,1
79454735,4,2,4.29,258.8327,-26.6098,91,1
502486654,3,4,4.29,242.9988,-19.4605,91,1
49202232,3,4,4.3,242.9988,-19.4609,91,1
214616659,3,1,4.3,318.1932,-14.3927,92,1
1277142190,4,2,4.31,258.8338,-26.6109,91,1
429674236,4,1,4.32,260.2072,-12.8469,91,1
439340909,2,3,4.34,295.1813,-16.2936,92,1
70521136,3,2,4.36,229.0956,-22.3994,91,1
617994,1,1,4.36,203.2417,-10.1653,91,1
71637257,2,1,4.38,304.2772,-21.318,92,1
422328291,2,4,4.39,203.2146,-15.363,91,1
99636229,3,2,4.41,321.0399,-20.8528,92,1
410572150,3,1,4.42,239.2718,-16.0347,91,1
435179077,4,1,4.43,259.5803,-16.3118,91,1
230933617,2,3,4.45,287.7148,-15.0778,92,1
439106796,2,3,4.46,293.5792,-16.3742,92,1
73678669,3,4,4.47,251.3757,-19.1369,91,1
52836294,3,4,4.48,244.7516,-14.8728,91,1
309273373,2,1,4.48,221.8068,-21.3249,91,1
157170269,2,4,4.49,213.2904,-13.8601,91,1
99729124,3,2,4.5,321.8115,-21.1964,92,1
119606110,2,4,4.5,291.5801,-21.7767,92,1
47661512,2,3,4.52,296.7878,-17.0782,92,1
70800535,3,2,4.54,234.728,-19.3025,91,1
29748529,3,1,4.54,320.7342,-9.3195,92,1
333077513,3,4,4.55,324.4388,-7.8544,92,1
155706950,3,3,4.55,325.386,-14.0498,92,1
70298460,3,2,4.57,228.0551,-19.792,91,1
169314820,2,4,4.57,292.4676,-26.9859,92,1
429135124,2,2,4.58,307.2149,-17.8138,92,1
126327101,2,3,4.59,294.264,-18.2312,92,1
441960203,1,2,4.59,283.5004,-21.36,92,1
72376686,2,1,4.6,307.3807,-22.3918,92,1
379914959,2,4,4.6,288.3069,-25.9069,92,1
200758337,1,4,4.61,264.5499,-28.0469,92,1
108595201,1,1,4.62,285.6151,-24.8481,92,1
206004861,3,3,4.63,250.4572,-27.1054,91,1
435053621,4,1,4.63,259.0661,-15.2237,91,1
418824772,3,2,4.64,316.101,-19.8553,92,1
203822408,3,3,4.66,246.3963,-23.4473,91,1
295263194,4,1,4.66,264.5395,-10.9263,91,1
287157634,2,1,4.7,224.3745,-21.4276,91,1
441027987,3,2,4.7,324.2702,-19.466,92,1
168829745,2,4,4.71,291.3191,-24.509,92,1
444057141,2,4,4.71,294.1773,-24.8838,92,1
377135788,1,1,4.73,285.4073,-22.6954,92,1
169866102,1,3,4.73,266.94,-22.4778,92,1
290128474,2,4,4.73,206.4845,-12.4265,91,1
187277316,2,3,4.74,206.8059,-9.7098,91,1
422736099,2,3,4.74,295.6302,-16.1241,92,1
188231931,3,2,4.75,313.6988,-17.923,92,1
206238826,3,3,4.75,328.3263,-13.5517,92,1
146006911,4,1,4.79,258.2579,-10.5783,91,1
290058791,2,4,4.83,206.1244,-16.1791,91,1
192622805,2,2,4.83,224.7225,-11.1445,91,1
410627159,3,1,4.83,239.5473,-14.2795,91,1
203446203,3,3,4.85,245.9678,-22.3688,91,1
351985764,1,2,4.86,283.6796,-15.6031,92,1
157837609,1,2,4.86,203.8805,-5.3956,91,1
294618524,3,1,4.87,230.7575,-15.1339,91,1
442202726,1,2,4.87,284.3353,-20.6564,92,1
432265150,3,1,4.87,228.5783,-14.2096,91,1
420895269,3,4,4.87,242.9999,-10.0644,91,1
70750382,3,2,4.88,234.5683,-21.0167,91,1
70697078,3,2,4.88,234.4499,-23.1423,91,1
192680424,2,2,4.88,225.2427,-8.519,91,1
127164591,4,3,4.88,274.4651,-27.3548,91,1
442402963,1,2,4.88,285.7659,-19.2458,92,1
323120504,3,3,4.9,247.552,-25.1154,91,1
135656809,3,4,4.91,243.9069,-8.3729,91,1
335328974,3,1,4.91,232.6685,-16.6095,91,1
413938133,3,4,4.91,247.4458,-14.5508,91,1
71114698,3,2,4.92,237.2287,-20.4486,91,1
409100858,2,2,4.92,310.135,-16.1236,92,1
428917148,3,2,4.93,231.0826,-22.9112,91,1
12382232,2,3,4.93,290.4628,-18.309,92,1
261346414,3,1,4.93,312.675,-12.5454,92,1
76917955,3,2,4.94,312.3356,-18.0361,92,1
26348809,2,2,4.94,223.5949,-11.8984,91,1
125066656,2,4,4.95,293.6415,-23.8589,92,1
423873323,1,2,4.97,279.7214,-13.7769,92,1
48774605,2,2,4.98,299.4878,-15.4922,92,1
145740988,4,1,4.98,257.4502,-10.5241,91,1
442521417,3,2,4.99,315.2155,-17.531,92,1
71644320,2,1,4.99,304.5061,-21.8101,92,1
241934693,2,3,4.99,298.05,-19.0454,92,1
67232805,3,3,4.99,240.9779,-24.7263,91,1
414158559,3,4,5.01,248.3799,-12.5602,91,1
198568110,4,1,5.02,255.4633,-18.8856,91,1
220466985,3,2,5.02,238.3335,-20.1672,91,1
50060197,3,3,5.02,245.1804,-21.8407,91,1
423804974,1,2,5.02,279.7604,-15.0393,92,1
79014697,2,4,5.02,212.2513,-19.246,91,1
522627916,2,2,5.04,307.2149,-17.8143,92,1
422856892,2,3,5.06,295.8909,-15.4715,92,1
187912870,2,3,5.07,287.1844,-18.9528,92,1
189688673,2,4,5.07,210.7656,-17.3671,91,1
70298007,3,2,5.08,228.0497,-19.1067,91,1
434995865,4,1,5.08,258.8344,-14.5843,91,1
153173879,3,4,5.08,250.2824,-11.8387,91,1
127847930,2,4,5.1,295.0301,-23.4292,92,1
2622077,2,3,5.1,208.9497,-9.56,91,1
11536112,2,3,5.11,289.5859,-19.361,92,1
287619474,3,4,5.11,250.4739,-19.9241,91,1
399678436,4,1,5.11,257.0619,-17.6093,91,1
111148599,3,3,5.12,327.5542,-16.8449,92,1
83851180,4,2,5.12,260.4229,-24.9064,91,1
19924794,2,3,5.12,211.6774,-9.3135,91,1
352487147,1,2,5.13,283.879,-16.3779,92,1
188077024,2,3,5.13,287.4508,-19.8042,92,1
433774971,1,2,5.13,279.198,-15.9455,92,1
114612415,2,2,5.13,304.7386,-15.8579,92,1
186642657,1,2,5.14,277.8595,-18.4029,92,1
318445083,3,3,5.15,247.8449,-26.5379,91,1
49697678,3,4,5.15,244.2466,-20.1041,91,1
20035975,2,3,5.17,212.83,-10.4791,91,1
31251240,1,2,5.18,282.0558,-19.1989,92,1
79841001,4,2,5.19,259.0519,-26.5541,91,1
71859994,3,1,5.2,236.0181,-15.6733,91,1
52954332,3,4,5.2,244.9666,-14.6431,91,1
67080218,3,3,5.2,240.6214,-26.1481,91,1
333163353,3,4,5.21,324.8672,-10.5773,92,1
214651507,3,2,5.21,318.7776,-17.3453,92,1
203481855,3,4,5.21,251.1758,-14.0802,91,1
108008285,1,1,5.22,285.1038,-24.9419,92,1
288404080,3,1,5.22,321.0485,-12.878,92,1
198795276,4,1,5.23,255.8278,-20.1406,91,1
48907955,3,3,5.24,242.0515,-23.7933,91,1
220308715,3,2,5.24,226.6136,-22.0322,91,1
281108197,3,2,5.24,230.2236,-18.1591,91,1
220765386,4,1,5.24,253.3549,-20.4157,91,1
1544160,1,2,5.24,279.7219,-21.053,92,1
181694706,4,1,5.25,254.3583,-10.964,91,1
220462690,3,1,5.25,238.4842,-18.9509,91,1
120869294,2,3,5.26,292.022,-18.3594,92,1
357495411,1,1,5.27,200.5344,-12.5796,91,1
149055737,1,1,5.27,278.8911,-27.3417,92,1
214579678,3,2,5.28,317.3547,-16.6157,92,1
241967968,2,4,5.29,298.573,-23.944,92,1
441018038,3,2,5.29,323.7125,-20.084,92,1
294850329,3,1,5.3,237.9098,-14.1336,91,1
126668402,2,4,5.3,294.3583,-21.9539,92,1
243895751,4,4,5.3,273.8038,-20.7283,91,1
49868812,3,4,5.31,244.7823,-20.2182,91,1
1259005559,3,3,5.31,246.3959,-23.4466,91,1
427616891,1,2,5.32,281.9965,-16.7765,92,1
420896293,3,4,5.33,243.0308,-8.5476,91,1
309480904,2,1,5.33,222.9637,-18.3553,91,1
163117625,3,4,5.33,250.1439,-20.4084,91,1
71800489,3,1,5.33,235.8535,-15.0439,91,1
18809756,4,2,5.34,255.0402,-24.9895,91,1
392460735,2,4,5.34,204.9938,-16.4466,91,1
386768307,2,4,5.34,208.5888,-17.1802,91,1
190910831,4,2,5.34,252.0575,-24.5267,91,1
12056898,2,4,5.35,290.1588,-22.4023,92,1
434548196,4,1,5.35,254.1114,-15.4855,91,1
23668016,2,2,5.35,217.1327,-10.0044,91,1
99389357,3,2,5.35,317.1402,-21.1941,92,1
46039120,2,1,5.36,214.2658,-18.5858,91,1
429184986,2,2,5.36,307.7677,-15.0565,92,1
357492663,1,1,5.37,200.5267,-14.4202,91,1
76155888,4,1,5.37,260.4649,-20.5694,91,1
386831066,2,2,5.39,221.9793,-12.8407,91,1
73852746,3,2,5.39,233.1528,-19.6707,91,1
411274672,2,2,5.39,309.818,-14.9549,92,1
466492375,2,2,5.39,220.1341,-14.0468,91,1
333075857,3,4,5.4,324.3333,-11.4608,92,1
49432239,3,4,5.4,243.6628,-18.5365,91,1
235027603,1,3,5.42,264.6866,-21.9128,92,1
415652414,3,2,5.42,316.6725,-20.1804,92,1
102178354,3,3,5.42,330.5503,-17.9039,92,1
439080155,2,3,5.43,293.3348,-16.6103,92,1
6030718,2,3,5.43,214.2029,-8.8846,91,1
32448539,1,4,5.44,189.8794,-6.1006,91,1
385428155,2,4,5.44,211.1122,-14.9718,91,1
577858,1,2,5.44,279.2796,-19.2094,92,1
147755337,2,3,5.45,213.4214,-0.8464,91,1
70860725,3,2,5.46,236.4287,-22.7534,91,1
414226748,1,2,5.46,285.3896,-15.2826,92,1
410634051,3,1,5.46,239.6111,-13.443,91,1
145295189,4,1,5.46,256.1388,-11.0886,91,1
90200486,1,1,5.46,283.118,-26.6512,92,1
8647435,2,1,5.47,308.5315,-23.2497,92,1
414768902,1,2,5.47,284.8616,-18.5666,92,1
187796346,2,3,5.47,287.0696,-19.2903,92,1
425257218,1,2,5.47,280.3328,-17.0743,92,1
131392570,2,3,5.48,290.1327,-17.0444,92,1
220679975,3,1,5.48,238.906,-18.7912,91,1
49549335,3,1,5.49,240.1984,-8.4115,91,1
162137990,3,4,5.49,249.6447,-18.8258,91,1
77390459,3,3,5.5,238.875,-26.2662,91,1
335184413,3,1,5.5,231.924,-14.9543,91,1
47868508,2,3,5.5,297.1413,-16.1638,92,1
13991785,2,2,5.5,302.1219,-15.0329,92,1
102081548,3,3,5.5,329.0318,-14.0356,92,1
273113256,1,2,5.51,286.2659,-20.9476,92,1
52444862,3,4,5.51,243.2965,-15.1171,91,1
434520020,4,1,5.51,254.0083,-16.8061,91,1
77676815,3,3,5.51,239.6452,-24.8317,91,1
192659538,2,2,5.52,225.1321,-11.8743,91,1
439364873,3,2,5.52,319.4888,-17.9851,92,1
425631720,1,2,5.53,280.5424,-17.0111,92,1
325862858,2,4,5.53,294.0069,-24.7193,92,1
429133679,2,2,5.54,307.1817,-15.7415,92,1
187064019,3,1,5.54,321.3044,-9.7497,92,1
429344309,1,4,5.55,188.4442,-9.4521,91,1
335910756,2,1,5.55,224.5216,-17.3642,91,1
744082,2,4,5.55,205.3446,-10.4524,91,1
6039332,2,3,5.55,214.3442,-9.0228,91,1
413933423,3,4,5.55,247.3574,-13.5703,91,1
262017471,3,1,5.56,313.1296,-13.2029,92,1
243860516,4,4,5.56,273.8662,-18.9249,91,1
19967999,2,3,5.57,212.2524,-10.3344,91,1
414156815,3,4,5.57,248.3732,-14.1658,91,1
428790951,2,1,5.58,213.85,-18.2008,91,1
70757507,3,2,5.58,234.6856,-23.0496,91,1
75188624,4,1,5.58,259.8741,-18.9554,91,1
205916450,3,3,5.58,250.4066,-27.81,91,1
198050534,4,1,5.59,254.4725,-19.7918,91,1
301707812,2,1,5.6,302.4733,-25.5967,92,1
429135159,2,2,5.6,307.2532,-17.8762,92,1
224041421,1,2,5.61,282.1892,-18.6012,92,1
122150505,2,3,5.61,292.5397,-19.3857,92,1
432248488,3,1,5.61,227.9582,-16.1597,91,1
434603987,4,1,5.61,254.5396,-14.3725,91,1
617248,1,2,5.61,203.2503,-7.1947,91,1
26044058,2,2,5.61,220.8578,-9.7,91,1
429251484,2,2,5.62,308.5492,-13.7206,92,1
333393998,3,4,5.62,326.6339,-11.366,92,1
187070303,1,2,5.62,278.1215,-18.9727,92,1
379564280,4,3,5.62,274.2395,-27.7167,91,1
19967580,2,3,5.62,212.157,-8.8619,91,1
441846716,1,2,5.62,283.2772,-18.637,92,1
286243268,2,4,5.62,207.5868,-13.1103,91,1
411213368,2,2,5.63,309.3388,-15.1477,92,1
433048343,1,2,5.63,278.2585,-16.5602,92,1
22267910,4,2,5.64,256.6411,-23.9048,91,1
155745933,3,3,5.64,325.7683,-14.3996,92,1
441028272,3,2,5.64,324.2444,-18.7441,92,1
241931754,2,3,5.65,297.8995,-19.2112,92,1
297310042,3,1,5.66,233.23,-16.8529,91,1
161522892,2,2,5.66,300.4944,-13.6371,92,1
12534678,2,3,5.66,290.668,-20.6436,92,1
2709820,2,3,5.66,210.0193,-8.162,91,1
77116701,2,1,5.66,313.2555,-23.7836,92,1
13735351,2,2,5.67,301.3406,-16.3735,92,1
386858986,2,2,5.67,222.3289,-14.1491,91,1
119262615,2,4,5.67,291.4308,-22.452,92,1
75902903,4,1,5.67,260.3428,-21.5569,91,1
437353173,2,1,5.68,225.3788,-18.8032,91,1
272382956,4,2,5.68,251.7139,-25.5287,91,1
707326,2,4,5.68,204.6722,-11.4753,91,1
153163607,1,1,5.68,279.9634,-28.6556,92,1
209186647,2,4,5.68,299.0452,-28.0403,92,1
123472077,2,3,5.69,292.9275,-19.3866,92,1
214654879,3,1,5.69,318.9985,-13.2032,92,1
23966006,3,1,5.7,313.5127,-10.9244,92,1
352982283,1,2,5.7,284.1852,-17.4441,92,1
188401533,2,1,5.7,310.0528,-23.7706,92,1
287157635,2,1,5.7,224.3683,-21.4231,91,1
442532188,3,1,5.71,315.6084,-12.4473,92,1
290136609,2,2,5.71,220.5095,-12.2349,91,1
5245606,1,2,5.71,281.2875,-20.4605,92,1
186635515,1,2,5.72,277.9722,-19.1251,92,1
434549018,4,1,5.72,254.17,-15.9441,91,1
335990361,3,1,5.72,237.1041,-13.4993,91,1
410994457,3,4,5.72,241.7621,-14.0712,91,1
66926633,3,3,5.72,240.2837,-24.2666,91,1
432213379,2,2,5.73,226.856,-14.679,91,1
347978629,3,1,5.73,234.6208,-14.5175,91,1
399538525,4,1,5.73,256.9406,-16.0929,91,1
415689134,3,2,5.73,319.6087,-20.3357,92,1
442508593,3,1,5.73,314.6739,-14.4833,92,1
23375725,3,2,5.73,236.4434,-25.4956,91,1
2288734,2,4,5.74,288.8894,-24.1801,92,1
308437152,3,1,5.74,230.2559,-15.5481,91,1
13991337,2,2,5.74,302.2064,-15.4121,92,1
442481598,3,1,5.75,314.4197,-16.0315,92,1
157940833,2,2,5.75,219.2427,-12.3028,91,1
12515279,3,4,5.75,252.1123,-14.9095,91,1
47538102,2,3,5.75,296.6337,-16.2094,92,1
411034621,3,4,5.75,241.9014,-12.7456,91,1
340346347,1,2,5.75,283.4525,-19.7973,92,1
290108128,2,4,5.75,206.2861,-14.767,91,1
287211169,2,1,5.76,224.6469,-19.7261,91,1
155772218,3,3,5.76,326.0038,-14.7493,92,1
256843512,2,2,5.76,310.026,-14.0132,92,1
155157963,1,1,5.76,281.2067,-25.0111,92,1
336244468,1,2,5.76,285.1504,-19.6583,92,1
441043903,3,2,5.76,325.1449,-18.8957,92,1
1283179,1,1,5.76,279.6106,-23.1031,92,1
187310731,2,3,5.76,207.0747,-6.8375,91,1
20482601,4,2,5.77,255.9736,-24.8452,91,1
161210727,2,2,5.77,300.2765,-13.9413,92,1
842202,1,2,5.77,279.4768,-21.3982,92,1
442525723,3,1,5.77,315.2847,-13.53,92,1
23959521,3,1,5.78,313.2736,-11.5733,92,1
442077491,1,2,5.78,284.0599,-18.7096,92,1
243856698,4,4,5.78,273.8782,-18.6616,91,1
135574202,3,4,5.78,243.4322,-9.2031,91,1
1286643,1,1,5.78,279.628,-23.505,92,1
302121302,2,1,5.78,307.1842,-23.9842,92,1
424922893,1,2,5.79,280.2275,-14.5057,92,1
287985831,3,4,5.79,251.0201,-18.5413,91,1
465953443,1,1,5.79,281.5163,-27.4988,92,1
71841329,2,1,5.8,305.1187,-19.6475,92,1
67454165,3,3,5.8,241.395,-24.2237,91,1
423602735,3,1,5.81,320.4945,-9.3283,92,1
421952533,3,3,5.81,329.8655,-17.9957,92,1
41045516,4,1,5.81,255.5939,-10.952,91,1
333369635,3,4,5.81,326.2309,-9.0362,92,1
6041460,2,3,5.82,214.5049,-7.5441,91,1
23887388,2,2,5.82,219.7516,-10.5547,91,1
153072777,3,4,5.82,249.9131,-9.5556,91,1
164958342,3,1,5.82,321.6047,-12.0969,92,1
4912175,1,2,5.82,281.1593,-20.9711,92,1
3881116,1,1,5.83,280.5596,-23.2932,92,1
186731885,1,2,5.83,278.0546,-19.124,92,1
399746327,4,1,5.83,257.2013,-13.1271,91,1
2521351,2,3,5.83,207.7117,-7.7844,91,1
69542254,2,4,5.83,296.9999,-20.9576,92,1
71049895,3,2,5.83,236.9584,-19.7024,91,1
25302877,3,3,5.83,327.925,-18.6235,92,1
71602893,2,2,5.84,304.1503,-18.4075,92,1
309093599,2,1,5.84,220.6873,-19.3116,91,1
410540533,3,1,5.84,239.1396,-14.8297,91,1
409178916,3,4,5.84,251.6298,-16.5909,91,1
48908494,3,3,5.84,242.1821,-23.6856,91,1
75055737,2,1,5.85,301.918,-23.8829,92,1
410485468,3,1,5.85,239.0604,-14.4,91,1
187846258,2,4,5.85,287.1852,-23.1904,92,1
135568608,3,4,5.85,243.3059,-10.3376,91,1
414456873,4,1,5.85,256.1228,-12.6767,91,1
20856917,4,2,5.86,256.1167,-28.5846,91,1
418801202,3,2,5.86,315.6884,-19.2489,92,1
379558372,4,3,5.86,274.3501,-28.29,91,1
99364487,3,2,5.87,316.8748,-19.0887,92,1
198768720,4,2,5.87,255.8399,-23.1517,91,1
99415106,3,2,5.87,317.3884,-20.5576,92,1
326217710,2,1,5.87,308.079,-24.8705,92,1
109070371,1,1,5.87,286.2977,-26.1389,92,1
99414919,3,2,5.87,317.3146,-20.1932,92,1
126006658,2,3,5.88,294.1088,-18.853,92,1
46095850,2,1,5.88,214.659,-18.7163,91,1
413757508,3,4,5.88,246.6821,-12.4266,91,1
537490,1,2,5.88,279.1906,-19.8966,92,1
290056616,2,4,5.88,206.0919,-14.7606,91,1
205960857,3,3,5.88,250.4003,-24.468,91,1
2828754,2,3,5.88,210.8805,-10.7314,91,1
302743951,4,2,5.89,258.0452,-27.043,91,1
70173641,3,2,5.89,227.2205,-23.0662,91,1
76856609,2,1,5.89,311.9557,-23.4755,92,1
108600160,1,1,5.89,285.6781,-24.3646,92,1
48966524,3,3,5.89,242.3526,-22.9505,91,1
435023464,4,1,5.9,258.9059,-17.2276,91,1
5520036,1,2,5.9,281.3279,-21.0018,92,1
422364664,2,1,5.9,311.5418,-21.5142,92,1
225085597,1,2,5.9,282.7495,-20.2953,92,1
442402171,1,2,5.9,285.7793,-19.103,92,1
504328,1,1,5.9,279.1964,-23.7634,92,1
6041347,2,3,5.9,214.4935,-7.9668,91,1
187748298,1,2,5.91,284.6226,-19.1765,92,1
309244750,2,1,5.91,221.5449,-21.1767,91,1
69106094,2,4,5.91,296.1692,-23.2644,92,1
429187507,2,2,5.91,307.8345,-17.1386,92,1
118890887,2,3,5.91,291.2106,-18.6168,92,1
70806301,3,2,5.91,234.756,-22.4736,91,1
54904390,3,1,5.91,238.9262,-8.6481,91,1
287613032,3,4,5.91,250.3181,-19.965,91,1
150680622,1,1,5.92,279.2637,-28.514,92,1
442105522,1,1,5.92,284.0028,-23.1739,92,1
6130665,2,3,5.92,215.5089,-8.0915,91,1
245832,1,2,5.92,278.6058,-19.7848,92,1
271949256,2,1,5.92,311.1477,-19.0442,92,1
244193987,4,4,5.92,274.1475,-20.5446,91,1
15294621,4,2,5.92,253.0743,-27.0164,91,1
397321615,1,1,5.92,281.1761,-29.9802,92,1
429000311,2,2,5.92,306.5187,-14.9802,92,1
441017906,3,2,5.92,323.7164,-20.4455,92,1
1486007,1,1,5.93,287.4323,-27.1146,92,1
23857208,3,1,5.93,312.8579,-11.106,92,1
72105911,2,1,5.93,306.2686,-19.4337,92,1
24189282,3,3,5.93,238.6646,-25.2439,91,1
228096158,1,1,5.93,278.6365,-24.2224,92,1
221125788,4,2,5.93,253.7117,-23.5126,91,1
187306950,2,3,5.93,291.9197,-17.2665,92,1
187615045,1,1,5.93,282.1561,-23.2151,92,1
17902907,4,2,5.93,254.5696,-26.059,91,1
294268836,2,4,5.93,203.6683,-13.2143,91,1
71874033,2,2,5.93,305.2552,-18.324,92,1
241962256,2,3,5.94,298.6259,-18.9362,92,1
419511836,1,1,5.94,286.7429,-22.4977,92,1
422483338,2,1,5.94,215.2672,-18.9923,91,1
441843789,1,2,5.94,283.2336,-18.2592,92,1
345121242,2,3,5.94,286.4216,-15.6605,92,1
168372183,2,4,5.94,290.1712,-24.2114,92,1
262283912,2,1,5.94,221.4712,-17.6988,91,1
77119584,3,2,5.94,313.3841,-19.1137,92,1
160280373,2,3,5.95,292.4219,-16.1488,92,1
54835546,3,1,5.95,238.5576,-11.0903,91,1
48760373,3,3,5.95,241.5265,-23.6065,91,1
101555167,4,1,5.95,257.7681,-20.6555,91,1
2535291,2,4,5.95,207.7045,-11.3588,91,1
197873286,3,4,5.95,249.9224,-20.8775,91,1
72435113,2,1,5.95,307.671,-20.7098,92,1
70366582,3,2,5.96,228.11,-18.09,91,1
446471663,2,3,5.96,287.5177,-17.5061,92,1
220308639,3,2,5.96,226.5131,-22.4041,91,1
74745426,2,1,5.96,300.9343,-22.5954,92,1
71857462,3,1,5.96,235.9881,-16.8691,91,1
12244335,3,2,5.96,231.522,-21.3801,91,1
227661088,1,1,5.96,278.3736,-28.1041,92,1
579496,1,2,5.96,279.3655,-19.4247,92,1
192602744,2,2,5.97,224.6459,-8.7174,91,1
433910390,1,2,5.97,279.522,-12.3751,92,1
75673519,4,1,5.97,260.1419,-19.3348,91,1
70367797,3,2,5.97,228.3296,-19.6478,91,1
224753485,1,1,5.98,282.5501,-22.8482,92,1
398863845,3,4,5.98,252.3653,-15.6679,91,1
323179450,3,3,5.98,247.6456,-27.1765,91,1
206108886,3,3,5.98,250.6955,-27.188,91,1
168493586,2,4,5.98,290.434,-26.1667,92,1
379554676,4,3,5.98,274.3505,-28.6522,91,1
99666998,4,1,5.98,256.4259,-21.2822,91,1
23868696,2,2,5.98,219.5177,-9.7378,91,1
335741665,2,4,5.98,209.6244,-14.1221,91,1
102039411,3,3,5.98,328.7511,-15.2583,92,1
385435054,2,4,5.99,211.6386,-17.4562,91,1
442515749,3,1,5.99,314.8735,-14.8002,92,1
68637413,3,3,5.99,243.7225,-25.4771,91,1
270485294,2,3,5.99,205.8966,-7.4273,91,1
186271747,1,2,5.99,277.828,-18.9102,92,1
326328909,3,2,5.99,325.4413,-19.8065,92,1
52694280,3,4,5.99,243.9646,-14.8491,91,1
428953068,2,2,5.99,306.0577,-14.1141,92,1
442381066,1,2,6.0,285.8881,-18.8056,92,1
81376588,4,2,6.0,259.5305,-24.0735,91,1
49038679,3,4,6.01,242.4798,-18.3411,91,1
206144150,2,2,6.01,308.885,-16.5261,92,1
3375779,1,1,6.03,280.4654,-23.8336,92,1
422688328,3,2,6.06,232.6511,-20.7288,91,1
413731775,1,1,6.08,284.6035,-22.5294,92,1
49406320,3,3,6.08,243.4172,-21.3999,91,1
434613683,4,1,6.1,254.6732,-14.8699,91,1
243891646,4,4,6.1,273.8041,-20.388,91,1
73806092,3,2,6.1,232.9304,-20.1652,91,1
114721100,2,2,6.1,305.1943,-14.7849,92,1
187758147,3,1,6.11,322.0582,-11.5686,92,1
197976490,4,2,6.12,254.2001,-23.1504,91,1
414554363,2,3,6.13,286.7172,-16.2294,92,1
171275274,4,1,6.13,260.2197,-10.6966,91,1
2620618,2,3,6.15,208.7413,-8.0591,91,1
421698631,2,3,6.16,214.1256,-3.1965,91,1
432267234,3,2,6.16,228.6405,-17.7687,91,1
168762739,2,4,6.16,291.1258,-27.866,92,1
214611227,3,1,6.17,317.9225,-14.4724,92,1
302873827,4,2,6.17,258.1044,-27.7625,91,1
290110180,2,4,6.17,206.3958,-15.7676,91,1
99766307,3,2,6.17,322.4985,-19.1481,92,1
99665635,4,1,6.2,256.5491,-21.5651,91,1
368759,1,2,6.2,278.8391,-20.8405,92,1
70748511,3,2,6.2,234.6042,-19.9139,91,1
433105806,1,2,6.21,278.345,-16.0434,92,1
346049355,2,2,6.22,216.9382,-13.3595,91,1
214565306,3,2,6.23,316.9364,-17.4562,92,1
183921054,4,1,6.24,261.1544,-18.4458,91,1
81375040,4,2,6.25,259.5021,-24.2842,91,1
22424895,4,2,6.26,256.7217,-26.5131,91,1
203822321,3,3,6.27,246.3511,-23.4603,91,1
466087197,1,1,6.28,287.0607,-24.6574,92,1
433927997,1,2,6.29,279.5187,-14.0049,92,1
99371010,4,1,6.3,256.1888,-20.4949,91,1
127847922,2,4,6.32,294.9561,-23.4279,92,1
12379503,2,3,6.33,290.4047,-19.2345,92,1
70807009,3,2,6.33,234.8388,-23.1504,91,1
130221137,2,3,6.34,288.8588,-16.0994,92,1
69983490,2,1,6.35,218.7115,-20.4394,91,1
67756034,3,3,6.35,241.9661,-24.4625,91,1
77365208,3,2,6.35,314.9007,-19.0354,92,1
429483501,4,1,6.36,259.9723,-17.7567,91,1
326300081,2,1,6.37,308.2182,-24.9441,92,1
1179409408,2,2,6.37,222.329,-14.1486,91,1
147718994,2,3,6.37,213.1873,-3.3224,91,1
290058172,2,4,6.38,206.1858,-14.2264,91,1
397854698,2,3,6.38,286.7847,-18.7383,92,1
206233701,3,1,6.39,319.3063,-13.279,92,1
214563192,3,1,6.39,316.796,-13.9233,92,1
68505142,3,3,6.4,243.4395,-24.4222,91,1
162132187,3,4,6.4,249.6193,-18.2206,91,1
49435315,3,3,6.41,243.6202,-21.1078,91,1
437389783,3,1,6.41,237.4681,-17.902,91,1
6226963,2,2,6.42,216.1697,-11.6699,91,1
225709409,1,2,6.44,283.0352,-21.9219,92,1
49202243,3,4,6.44,242.9938,-19.4503,91,1
270467446,2,3,6.45,205.9756,-5.499,91,1
335303863,3,1,6.45,232.3943,-17.4409,91,1
67176885,3,3,6.46,240.8172,-26.7184,91,1
2173506,1,2,6.46,279.974,-20.0715,92,1
181584365,4,1,6.46,253.6677,-11.7926,91,1
61447354,3,2,6.47,228.3225,-24.0085,91,1
385430433,2,4,6.47,211.3084,-16.336,91,1
68052001,3,3,6.48,242.5662,-26.9094,91,1
48870025,3,4,6.48,242.0298,-18.244,91,1
198041404,4,1,6.48,254.2666,-19.54,91,1
92030008,1,1,6.49,284.5855,-24.8769,92,1
381822792,1,3,6.49,267.9522,-19.5257,92,1
203307252,2,1,6.5,216.3744,-19.9701,91,1
251022597,4,1,6.52,340.0518,-6.5347,92,1
434710990,4,1,6.54,255.2946,-13.5694,91,1
73601124,3,3,6.54,251.286,-23.1842,91,1
302728986,4,2,6.55,258.0567,-25.2555,91,1
206253420,3,3,6.56,251.0724,-27.4563,91,1
333461689,3,4,6.57,326.6756,-11.6988,92,1
466493185,2,1,6.57,220.1288,-16.2098,91,1
49696160,3,3,6.59,244.2447,-21.3043,91,1
187914009,2,3,6.6,287.2378,-18.6828,92,1
438898280,3,2,6.61,229.9579,-19.5502,91,1
192622163,2,2,6.61,224.5558,-11.1548,91,1
224463111,1,2,6.62,282.3973,-19.1423,92,1
71058372,3,2,6.63,237.1106,-23.8342,91,1
68047964,3,3,6.63,242.541,-24.5827,91,1
259365501,2,2,6.64,311.313,-15.7982,92,1
191149891,4,2,6.64,252.4351,-24.6409,91,1
346156382,2,1,6.65,217.5578,-15.248,91,1
164332676,2,1,6.65,304.9373,-25.2296,92,1
269831195,2,1,6.66,310.0945,-24.1201,92,1
83834220,2,1,6.66,217.4581,-25.5431,91,1
437430894,3,1,6.67,238.0738,-18.4359,91,1
32475364,3,1,6.68,235.1488,-9.1097,91,1
323181418,3,3,6.68,247.5652,-27.9163,91,1
12192000,2,4,6.7,290.2673,-23.6198,92,1
352487284,1,2,6.71,283.9369,-16.3494,92,1
621750,2,4,6.72,203.5738,-11.5378,91,1
345985243,2,4,6.72,207.7742,-13.6794,91,1
379958045,2,4,6.72,288.4847,-26.8769,92,1
20586894,4,2,6.72,256.0033,-25.6982,91,1
280156638,3,3,6.72,239.4533,-23.5274,91,1
46040297,2,1,6.72,214.3647,-19.964,91,1
411269305,2,2,6.73,309.7687,-16.5597,92,1
301636441,2,1,6.74,302.272,-26.2245,92,1
206189744,3,2,6.74,313.9491,-17.1146,92,1
161522366,2,2,6.74,300.3878,-16.8695,92,1
288143236,3,2,6.74,319.5655,-17.4623,92,1
422275941,1,3,6.75,194.8338,6.5057,91,1
413763097,3,4,6.75,246.757,-17.769,91,1
15976646,4,2,6.75,253.4261,-24.9409,91,1
619444,1,2,6.76,203.2954,-8.443,91,1
186287369,3,2,6.76,233.2871,-24.4894,91,1
98688328,3,3,6.76,246.3513,-24.4659,91,1
441028857,3,2,6.78,324.3384,-18.4419,92,1
68165184,3,3,6.78,242.8895,-27.151,91,1
47743919,2,3,6.78,296.9167,-17.0714,92,1
3885864,1,1,6.78,280.7414,-23.9675,92,1
76857581,2,1,6.79,312.0911,-22.742,92,1
319462683,1,1,6.79,194.7506,-9.8327,91,1
2620617,2,3,6.8,208.7423,-8.0593,91,1
151654299,1,1,6.8,279.3048,-25.6733,92,1
242035198,3,2,6.8,323.418,-16.2018,92,1
364871576,3,1,6.83,318.5698,-10.6054,92,1
425076918,3,3,6.83,330.3274,-17.5168,92,1
157414155,2,1,6.83,216.8378,-14.8392,91,1
50171166,3,3,6.83,245.3299,-23.7082,91,1
186287370,3,2,6.83,233.2895,-24.4906,91,1
49203537,3,4,6.84,243.0105,-18.2329,91,1
91380678,1,1,6.84,284.002,-25.0454,92,1
186035975,1,2,6.85,278.1575,-15.7017,92,1
203822414,3,3,6.86,246.3961,-23.4054,91,1
49069582,3,3,6.87,242.5828,-22.1572,91,1
5976776,2,3,6.87,213.1397,-9.9002,91,1
192655640,2,2,6.89,224.9742,-10.9312,91,1
24845551,3,1,6.9,318.7271,-7.0876,92,1
53280272,1,3,6.9,192.6813,-0.7709,91,1
12514017,3,4,6.9,252.0082,-15.9646,91,1
442509264,3,1,6.91,314.6493,-13.3696,92,1
301679207,3,4,6.92,242.2588,-9.6479,91,1
82657890,4,2,6.93,260.1149,-29.3652,91,1
4383406,4,2,6.93,345.6324,-11.2658,92,1
94826461,3,3,6.93,242.2963,-32.1025,91,1
164063794,3,4,6.94,247.6058,-10.4419,91,1
77121035,3,2,6.94,313.5238,-18.9971,92,1
334176180,2,3,6.94,290.423,-17.2457,92,1
78939530,4,1,6.94,259.099,-21.8591,91,1
11782681,2,4,6.95,289.8241,-23.5583,92,1
8645700,2,1,6.95,308.3783,-22.2323,92,1
12513468,3,4,6.96,252.1172,-16.3365,91,1
68645209,3,3,6.96,243.8291,-27.2112,91,1
69402805,2,3,6.97,296.8249,-18.7475,92,1
80867125,4,2,6.97,259.4147,-26.6292,91,1
333075410,3,4,6.98,324.2297,-10.1745,92,1
8861923,2,1,6.98,309.4309,-22.4428,92,1
437413557,3,2,6.98,237.666,-23.2585,91,1
24266783,3,2,6.99,318.5077,-22.2122,92,1
3205453,4,1,6.99,262.8245,-10.9719,91,1
